protocol,model,horizon_min,regime,n,rmse,mae,nrmse,skill_vs_persistence
holdout,lightgbm,15,all,3131,2.306676688467522,1.5378672882739186,0.1644825979313133,0.11642015650517101
holdout,lstm,15,all,3131,2.3499014796505873,1.5271508443359367,0.16756483567376543,0.09986276273621453
holdout,persistence,15,all,3131,2.610603563956268,1.802040083040562,0.18615476478134024,0.0
holdout,seasonal_naive,15,all,3131,5.525067815079417,3.381068348770361,0.3939769767104676,-1.116394802857923
holdout,smart_persistence,15,all,3131,2.4141349637754432,1.4140392180378196,0.17214514395704517,0.07525792230325634
holdout,lightgbm,30,all,3118,2.9805481614732963,2.17648864564433,0.2128073268981455,0.21008171283276567
holdout,lstm,30,all,3118,2.9504051392320094,2.0224880832005496,0.2106551536601097,0.21807035224032734
holdout,persistence,30,all,3118,3.773236054784843,2.901198685054522,0.26940422870991443,0.0
holdout,seasonal_naive,30,all,3118,5.525492701641619,3.3814544579858885,0.39451311232975694,-0.4643909422615471
holdout,smart_persistence,30,all,3118,3.0890898328814242,1.9001723145444787,0.22055706342245077,0.18131551060418094
holdout,lightgbm,45,all,3119,3.4427903977894796,2.600919990833137,0.2459621828088699,0.28279093543675793
holdout,lstm,45,all,3119,3.3344692965747043,2.334017952785264,0.23822343271936305,0.30535660650537466
holdout,persistence,45,all,3119,4.8002605765810165,3.848669445335043,0.3429434943891196,0.0
holdout,seasonal_naive,45,all,3119,5.532282196426509,3.3859410067329274,0.3952410828789931,-0.15249622560425147
holdout,smart_persistence,45,all,3119,3.5003618666932836,2.2407068870022884,0.25007524300799927,0.2707975304985599
holdout,lightgbm,60,all,3121,3.708874812848678,2.781409923504198,0.2650147780068363,0.359569141229791
holdout,lstm,60,all,3121,3.6497501927493055,2.60101021159272,0.26079007405724713,0.36977849936005924
holdout,persistence,60,all,3121,5.7912181495605415,4.735401313681512,0.41380700879363075,0.0
holdout,seasonal_naive,60,all,3121,5.531690970615841,3.382209227811599,0.39526269517147766,0.044813918633749616
holdout,smart_persistence,60,all,3121,3.8323233171004394,2.488190227803464,0.273835695293184,0.33825264078659345
holdout,lightgbm,15,clear,1927,1.913507836914609,1.261239361184474,0.11918617058905179,0.15723406000193052
holdout,lstm,15,clear,1927,1.9460321272511154,1.2390818164703694,0.12121200269778523,0.14290939219058096
holdout,persistence,15,clear,1927,2.2705092198184853,1.6111831862999482,0.1414226239248881,0.0
holdout,seasonal_naive,15,clear,1927,4.485113020908941,2.480020757654385,0.27936308140925875,-0.9753775856798774
holdout,smart_persistence,15,clear,1927,1.9682185226882298,1.0730538997816714,0.12259392100525757,0.13313784171923426
holdout,lightgbm,30,clear,1920,2.453373793005708,1.813326924463152,0.15311344385218278,0.2880264202016425
holdout,lstm,30,clear,1920,2.254221060740193,1.5505145388810584,0.14068445289423065,0.34582090880420835
holdout,persistence,30,clear,1920,3.4458775755422595,2.7475911458333333,0.21505495175192738,0.0
holdout,seasonal_naive,30,clear,1920,4.48670226704123,2.48046875,0.2800121357799473,-0.30204923671299655
holdout,smart_persistence,30,clear,1920,2.443388836497891,1.3980864897318575,0.15249028928764616,0.2909240729153334
holdout,lightgbm,45,clear,1920,2.83698723691981,2.2105692547303146,0.17704767247366002,0.3743405792552018
holdout,lstm,45,clear,1920,2.45663907636236,1.753763735727019,0.15331131029338915,0.4582212561644473
holdout,persistence,45,clear,1920,4.534395459981408,3.7758463541666667,0.28297771375822767,0.0
holdout,seasonal_naive,45,clear,1920,4.488137213927585,2.4828776041666667,0.2800908784951141,0.010201634696858197
holdout,smart_persistence,45,clear,1920,2.6721423932557613,1.6444723374275627,0.16676021135638988,0.4106948948677013
holdout,lightgbm,60,clear,1921,2.8792632603170154,2.2487760266085584,0.17961537796421737,0.48981916242636736
holdout,lstm,60,clear,1921,2.72052089103738,1.9816791204534925,0.1697126465780093,0.5179469533212473
holdout,persistence,60,clear,1921,5.64361310395446,4.7754099427381576,0.35206218018389235,0.0
holdout,seasonal_naive,60,clear,1921,4.491325543817972,2.484187922956793,0.28017970646573936,0.20417550581720156
holdout,smart_persistence,60,clear,1921,2.9204467756186583,1.8198667063342517,0.18218450485467935,0.48252179555464014
holdout,lightgbm,15,cloudy,1168,2.825585685605312,1.9784630411872928,0.26767786774704627,0.08402753280035635
holdout,lstm,15,cloudy,1168,2.88893993157664,1.988380614974319,0.2736796427279717,0.06348993406974168
holdout,persistence,15,cloudy,1168,3.084793251748966,2.120130565068493,0.2922335302996653,0.0
holdout,seasonal_naive,15,cloudy,1168,6.9188195291701335,4.863655821917808,0.6554445927192385,-1.2428794945163388
holdout,smart_persistence,15,cloudy,1168,2.9993306767537993,1.972771704467922,0.2841373540048107,0.02770447418046984
holdout,lightgbm,30,cloudy,1163,3.6767073966096837,2.7596248690256613,0.34848070431531575,0.1342699471469041
holdout,lstm,30,cloudy,1163,3.815407767799428,2.788465048051147,0.36162681517678036,0.10161108509234817
holdout,persistence,30,cloudy,1163,4.246944396226912,3.164122957867584,0.40252813583964697,0.0
holdout,seasonal_naive,30,cloudy,1163,6.924223845301741,4.8688736027515045,0.6562824130831459,-0.630401342540154
holdout,smart_persistence,30,cloudy,1163,3.910973592270959,2.72437109946396,0.3706846058106017,0.07910883039920114
holdout,lightgbm,45,cloudy,1164,4.241245270516749,3.22640148650593,0.4026309850960023,0.18215068554100966
holdout,lstm,45,cloudy,1164,4.392551302300664,3.271715252311369,0.41699480815797346,0.15297398707742182
holdout,persistence,45,cloudy,1164,5.185851715633392,3.973099226804124,0.4923046067017172,0.0
holdout,seasonal_naive,45,cloudy,1164,6.931511968314088,4.87365764604811,0.6580240740632758,-0.3366197778887867
holdout,smart_persistence,45,cloudy,1164,4.518670417309681,3.2084212360753828,0.4289675803691241,0.1286541410955524
holdout,lightgbm,60,cloudy,1165,4.757277001571068,3.637825171488946,0.45210382027778473,0.20665240609171154
holdout,lstm,60,cloudy,1165,4.774838332940279,3.595216868005597,0.45377274664018963,0.20372378957789739
holdout,persistence,60,cloudy,1165,5.9964598595871115,4.660407725321888,0.569868521376077,0.0
holdout,seasonal_naive,60,cloudy,1165,6.921865720573325,4.85793991416309,0.6578136893621228,-0.15432536574170164
holdout,smart_persistence,60,cloudy,1165,4.9425257198296375,3.560272350600346,0.4697087764740718,0.17575939211407365
rolling,lightgbm,15,all,5017,2.6501327829004246,1.727801363489043,0.22373285047241237,0.08416247843371771
rolling,lstm,15,all,5017,2.633003358274007,1.671334681340796,0.22228672859378468,0.0900820949514024
rolling,persistence,15,all,5017,2.893671334155559,1.9299132947976878,0.2442931690435442,0.0
rolling,seasonal_naive,15,all,5017,6.152345076590639,3.9967485549132946,0.5194010315094674,-1.1261381705555848
rolling,smart_persistence,15,all,5017,2.8425411616574228,1.6985739548554801,0.2399765931678123,0.017669654426409553
rolling,lightgbm,30,all,4999,3.4997622128706043,2.4378010327844875,0.29570904238988743,0.15570336555610287
rolling,lstm,30,all,4999,3.4568862439336927,2.293530730127835,0.29208627862918235,0.16604693579605445
rolling,persistence,30,all,4999,4.145180816900628,3.002875575115023,0.3502430666262914,0.0
rolling,seasonal_naive,30,all,4999,6.1548627166462575,3.9974619923984798,0.5200492059967213,-0.4848236997411077
rolling,smart_persistence,30,all,4999,3.771653848280088,2.3354798344365792,0.3186822646405534,0.09011113992846942
rolling,lightgbm,45,all,4999,3.914297032599213,2.8236742692600667,0.33083646527372573,0.22337775875799637
rolling,lstm,45,all,4999,3.8963140005422368,2.692557866101409,0.32931653903637437,0.2269457104346584
rolling,persistence,45,all,4999,5.040155721447433,3.8365423084616923,0.4259940646879229,0.0
rolling,seasonal_naive,45,all,4999,6.154830532823594,3.998874774954991,0.5202064025493826,-0.22115880400934285
rolling,smart_persistence,45,all,4999,4.223667470931589,2.709495415054017,0.35698446105065895,0.1619966317789413
rolling,lightgbm,60,all,5001,4.223865688980094,3.084180693783326,0.35710442107549817,0.2780008856793338
rolling,lstm,60,all,5001,4.219769938633261,2.9690220578119435,0.3567581480961533,0.278700985621102
rolling,persistence,60,all,5001,5.850236662622997,4.568061387722455,0.49460506805676635,0.0
rolling,seasonal_naive,60,all,5001,6.151726637853362,3.995500899820036,0.5200943735869104,-0.05153466306014187
rolling,smart_persistence,60,all,5001,4.526500826806546,2.9567825370233547,0.38269054375278294,0.22627047624821117
rolling,lightgbm,15,clear,2016,1.9818862952779868,1.310196504237497,0.12416332796073312,0.14365059279103953
rolling,lstm,15,clear,2016,1.9011875666487197,1.1306781425539936,0.11910762787708909,0.1785195500005632
rolling,persistence,15,clear,2016,2.3143430457170626,1.6378658234126984,0.1449914333045549,0.0
rolling,seasonal_naive,15,clear,2016,4.809399608139649,2.681919642857143,0.3013043998853153,-1.0780841530990632
rolling,smart_persistence,15,clear,2016,2.0544104336498314,1.1281820212942408,0.128706897588914,0.11231377843844892
rolling,lightgbm,30,clear,2009,2.4847672382253583,1.8229866777414745,0.1559660264391515,0.2864583136305918
rolling,lstm,30,clear,2009,2.234880243056542,1.4572293598551604,0.14028090265945484,0.3582174648265357
rolling,persistence,30,clear,2009,3.482301434788167,2.7599552015928324,0.2185801186090846,0.0
rolling,seasonal_naive,30,clear,2009,4.811907459335907,2.683051269288203,0.3020379834698495,-0.3818181881858316
rolling,smart_persistence,30,clear,2009,2.5336455510827314,1.4549279917547708,0.15903406280011817,0.27242210402246336
rolling,lightgbm,45,clear,2009,2.7876475453400396,2.113327699385051,0.17497098863041913,0.3905026653710053
rolling,lstm,45,clear,2009,2.5101222893833026,1.7706404404446756,0.1575516888032822,0.45118139216364495
rolling,persistence,45,clear,2009,4.5736829137028145,3.790225236436038,0.28707424739917065,0.0
rolling,seasonal_naive,45,clear,2009,4.8131861893066015,2.6853534096565457,0.30210703911011366,-0.05236551814430168
rolling,smart_persistence,45,clear,2009,2.791332886160625,1.7202047165300138,0.1752023047191032,0.38969689442227073
rolling,lightgbm,60,clear,2010,2.9200538015813127,2.222349323369979,0.18321191302427964,0.48493253885556176
rolling,lstm,60,clear,2010,2.7071568130848895,1.9474976256119079,0.16985419183489095,0.5224853782213181
rolling,persistence,60,clear,2010,5.669264750472082,4.781965174129353,0.35570469277402533,0.0
rolling,seasonal_naive,60,clear,2010,4.81587156562207,2.686504975124378,0.3021605430485705,0.15052978162273156
rolling,smart_persistence,60,clear,2010,3.0341676215410205,1.898183101919263,0.1903717164655739,0.46480403454639085
rolling,lightgbm,15,cloudy,2965,3.0189737059199673,2.0056977329183354,0.3364406956410815,0.06514541242091554
rolling,lstm,15,cloudy,2965,3.0323050557058067,2.0382723985695317,0.3379263689303146,0.0610172302239409
rolling,persistence,15,cloudy,2965,3.229351116239322,2.131302698145025,0.3598855908835342,0.0
rolling,seasonal_naive,15,cloudy,2965,6.929362621985127,4.896648397976391,0.7722225524251676,-1.1457445699043656
rolling,smart_persistence,15,cloudy,2965,3.2725283750500243,2.0883460373025815,0.36469735421941957,-0.013370258375925204
rolling,lightgbm,30,cloudy,2955,4.046444597208667,2.8522575323759485,0.4508350254290017,0.10877813959397564
rolling,lstm,30,cloudy,2955,4.083266408404233,2.8629004096470507,0.4549375311690152,0.100668204491968
rolling,persistence,30,cloudy,2955,4.540333644155879,3.1729060913705585,0.5058617224936668,0.0
rolling,seasonal_naive,30,cloudy,2955,6.9338441763091785,4.898371404399323,0.772534935410579,-0.5271662216353026
rolling,smart_persistence,30,cloudy,2955,4.41939680977021,2.9374435631557345,0.49238753311685507,0.02663611176269698
rolling,lightgbm,45,cloudy,2955,4.521129245677017,3.303764031864801,0.5039952248858469,0.15139063384166906
rolling,lstm,45,cloudy,2955,4.60329793429331,3.3176174283431066,0.5131550220178005,0.13596769081666993
rolling,persistence,45,cloudy,2955,5.327691899211819,3.869585448392555,0.5939072145378761,0.0
rolling,seasonal_naive,45,cloudy,2955,6.931374485088659,4.898413705583756,0.7726785616050584,-0.30100888268596937
rolling,smart_persistence,45,cloudy,2955,4.9630308777769905,3.381421566984352,0.5532564382565118,0.06844634193069177
rolling,lightgbm,60,cloudy,2956,4.9151572091975435,3.666588206527246,0.5484568506977755,0.17514627282776374
rolling,lstm,60,cloudy,2956,4.988033991795036,3.6592754972430703,0.5565887921538114,0.1629162091306401
rolling,persistence,60,cloudy,2956,5.958822815831464,4.417075439783491,0.6649140721931335,0.0
rolling,seasonal_naive,60,cloudy,2956,6.923762784686733,4.890857577807848,0.7725867088771537,-0.16193466372109722
rolling,smart_persistence,60,cloudy,2956,5.297905758837262,3.6703521526180536,0.5911657723476719,0.11091403074417172
